,total_return,annual_return,annual_volatility,sharpe_ratio,max_drawdown,calmar_ratio,win_rate,periods
original,0.4312096420562701,0.2872122923876963,0.2531886701065675,1.1343805086807723,-0.18883405353314928,1.5209772126047012,0.5571428571428572,71.0
mined,-0.05545635326692866,-0.03938198668131654,0.2664902896910807,-0.1477801938936263,-0.2092099857106392,-0.18824142904816327,0.5142857142857142,71.0
pure_ic,0.21711103339625115,0.14839604920139893,0.1508934856929587,0.983449010538191,-0.08619634275587774,1.7216049365537585,0.5857142857142857,71.0
csi500_ew,0.422896674161771,0.2819425605842012,0.19596530541867596,1.438737127379954,-0.13089073581669586,2.154029915295486,0.6285714285714286,71.0
